f1,f2,f3,f4,f5,f6
4.5,4.5,-2.25,-0.9,-11.25,-0.9
4.45,4.4,0.25,-0.4,-13.75,-0.95
4.4,4.45,-2.75,-0.95,1.25,-0.4
0.05,-0.4,22.25,4.4,-23.75,-0.55
-0.4,0.05,-4.75,-0.55,111.25,4.4
-0.55,-0.95,22,4.45,-10,0.05
-0.45,-0.9,22.5,4.5,-22.5,-0.45
-0.95,-0.55,-2,0.05,110,4.45
-0.9,-0.45,-4.5,-0.45,112.5,4.5
